{
  "state_counts": [
    8,
    16,
    32,
    64
  ],
  "accuracies": [
    75.0,
    64.84375,
    63.28125,
    53.90625
  ],
  "test_accuracies": [
    12.0,
    11.0,
    12.0,
    10.0
  ],
  "memory_usages": [
    16.6015625,
    7.3984375,
    10.2578125,
    19.50390625
  ],
  "training_times": [
    0.33336329460144043,
    0.4609799385070801,
    0.8454759120941162,
    1.5785000324249268
  ]
}