{
  "MNIST": {
    "LSTM": {
      "train_accuracy": 67.89772727272727,
      "test_accuracy": 14.0,
      "memory_usage": -2.0078125,
      "training_time": 4.3093438148498535,
      "losses": [
        1.5828465670347214,
        1.549743264913559,
        1.477363497018814
      ],
      "accuracies": [
        10.227272727272727,
        38.49431818181818,
        67.89772727272727
      ]
    },
    "GRU": {
      "train_accuracy": 73.29545454545455,
      "test_accuracy": 16.5,
      "memory_usage": -10.01953125,
      "training_time": 1.7549245357513428,
      "losses": [
        1.585562989115715,
        1.4892433509230614,
        1.325071606785059
      ],
      "accuracies": [
        8.806818181818182,
        50.28409090909091,
        73.29545454545455
      ]
    },
    "Transformer": {
      "train_accuracy": 34.80113636363637,
      "test_accuracy": 10.5,
      "memory_usage": 16.2734375,
      "training_time": 1.5229971408843994,
      "losses": [
        1.762355551123619,
        1.5898834466934204,
        1.3687950484454632
      ],
      "accuracies": [
        11.221590909090908,
        11.505681818181818,
        34.80113636363637
      ]
    },
    "NSM": {
      "train_accuracy": 45.88068181818182,
      "test_accuracy": 13.5,
      "memory_usage": 0.625,
      "training_time": 0.44032931327819824,
      "losses": [
        1.7269994392991066,
        1.4628892801702023,
        1.1302844360470772
      ],
      "accuracies": [
        7.8125,
        25.142045454545453,
        45.88068181818182
      ]
    }
  },
  "Tiny_Shakespeare": {
    "LSTM": {
      "train_accuracy": 0.0,
      "test_accuracy": 0.0,
      "memory_usage": 0.0,
      "training_time": 0.0,
      "losses": [],
      "accuracies": [],
      "error": "Expected tensor for argument #1 'indices' to have one of the following scalar types: Long, Int; but got torch.FloatTensor instead (while checking arguments for embedding)"
    },
    "GRU": {
      "train_accuracy": 0.0,
      "test_accuracy": 0.0,
      "memory_usage": 0.0,
      "training_time": 0.0,
      "losses": [],
      "accuracies": [],
      "error": "Expected tensor for argument #1 'indices' to have one of the following scalar types: Long, Int; but got torch.FloatTensor instead (while checking arguments for embedding)"
    },
    "Transformer": {
      "train_accuracy": 0.0,
      "test_accuracy": 0.0,
      "memory_usage": 0.0,
      "training_time": 0.0,
      "losses": [],
      "accuracies": [],
      "error": "too many values to unpack (expected 2)"
    },
    "NSM": {
      "train_accuracy": 0.0,
      "test_accuracy": 0.0,
      "memory_usage": 0.0,
      "training_time": 0.0,
      "losses": [],
      "accuracies": [],
      "error": "Expected tensor for argument #1 'indices' to have one of the following scalar types: Long, Int; but got torch.FloatTensor instead (while checking arguments for embedding)"
    }
  },
  "IMDb": {
    "LSTM": {
      "train_accuracy": 0.0,
      "test_accuracy": 0.0,
      "memory_usage": 0.0,
      "training_time": 0.0,
      "losses": [],
      "accuracies": [],
      "error": "Expected tensor for argument #1 'indices' to have one of the following scalar types: Long, Int; but got torch.FloatTensor instead (while checking arguments for embedding)"
    },
    "GRU": {
      "train_accuracy": 0.0,
      "test_accuracy": 0.0,
      "memory_usage": 0.0,
      "training_time": 0.0,
      "losses": [],
      "accuracies": [],
      "error": "Expected tensor for argument #1 'indices' to have one of the following scalar types: Long, Int; but got torch.FloatTensor instead (while checking arguments for embedding)"
    },
    "Transformer": {
      "train_accuracy": 0.0,
      "test_accuracy": 0.0,
      "memory_usage": 0.0,
      "training_time": 0.0,
      "losses": [],
      "accuracies": [],
      "error": "too many values to unpack (expected 2)"
    },
    "NSM": {
      "train_accuracy": 0.0,
      "test_accuracy": 0.0,
      "memory_usage": 0.0,
      "training_time": 0.0,
      "losses": [],
      "accuracies": [],
      "error": "Expected tensor for argument #1 'indices' to have one of the following scalar types: Long, Int; but got torch.FloatTensor instead (while checking arguments for embedding)"
    }
  },
  "CIFAR10": {
    "LSTM": {
      "train_accuracy": 86.78977272727273,
      "test_accuracy": 9.0,
      "memory_usage": 39.6484375,
      "training_time": 1.7110419273376465,
      "losses": [
        1.58262649923563,
        1.5143734738230705,
        1.3447831943631172
      ],
      "accuracies": [
        10.085227272727273,
        49.28977272727273,
        86.78977272727273
      ]
    },
    "GRU": {
      "train_accuracy": 88.92045454545455,
      "test_accuracy": 10.0,
      "memory_usage": 12.046875,
      "training_time": 0.7504770755767822,
      "losses": [
        1.584449015557766,
        1.397685058414936,
        1.0657741650938988
      ],
      "accuracies": [
        9.943181818181818,
        67.32954545454545,
        88.92045454545455
      ]
    },
    "Transformer": {
      "train_accuracy": 68.18181818181819,
      "test_accuracy": 9.5,
      "memory_usage": 8.375,
      "training_time": 1.159536361694336,
      "losses": [
        1.7060267329216003,
        1.438303418457508,
        0.7626730799674988
      ],
      "accuracies": [
        8.238636363636363,
        27.130681818181817,
        68.18181818181819
      ]
    },
    "NSM": {
      "train_accuracy": 88.63636363636364,
      "test_accuracy": 11.0,
      "memory_usage": 0.0,
      "training_time": 0.47704029083251953,
      "losses": [
        1.7129712775349617,
        1.0432638749480247,
        0.3520275126211345
      ],
      "accuracies": [
        7.386363636363637,
        58.80681818181818,
        88.63636363636364
      ]
    }
  }
}